{"chunk_definitions":[{"chunk_id":"csetup_chunk","chunk_label":"setup","document_id":"312AF1BA","expansion_state":0,"options":{"engine":"r","include":false,"label":"setup"},"row":7,"row_count":1,"visible":true},{"chunk_id":"c8x9qqvx8ve0c","chunk_label":"unnamed-chunk-2","document_id":"312AF1BA","expansion_state":0,"options":{"engine":"r","label":"unnamed-chunk-1"},"row":22,"row_count":1,"visible":true},{"chunk_id":"c6vx2i4gwnhhx","chunk_label":"unnamed-chunk-3","document_id":"312AF1BA","expansion_state":1,"options":{"engine":"r","label":"unnamed-chunk-2"},"row":29,"row_count":1,"visible":true},{"chunk_id":"cj2095c2rstb0","chunk_label":"unnamed-chunk-4","document_id":"B8EE0268","expansion_state":0,"options":{"engine":"r","label":"unnamed-chunk-4"},"row":35,"row_count":1,"visible":true}],"doc_write_time":1582914501}