{"chunk_definitions":[{"chunk_id":"csetup_chunk","chunk_label":"setup","document_id":"6DDC4294","expansion_state":0,"options":{"engine":"r","include":false,"label":"setup"},"row":9,"row_count":1,"visible":true},{"chunk_id":"ch2yz9tt68a63","chunk_label":"unnamed-chunk-2","document_id":"6DDC4294","expansion_state":0,"options":{"engine":"r","label":"unnamed-chunk-2"},"row":24,"row_count":1,"visible":true},{"chunk_id":"c826yo2g0o8p0","chunk_label":"unnamed-chunk-3","document_id":"6DDC4294","expansion_state":1,"options":{"engine":"r","label":"unnamed-chunk-3"},"row":31,"row_count":1,"visible":true},{"chunk_id":"cad7pm479xp5r","chunk_label":"unnamed-chunk-4","document_id":"6DDC4294","expansion_state":0,"options":{"engine":"r","label":"unnamed-chunk-4"},"row":37,"row_count":1,"visible":true}],"default_chunk_options":{"echo":true,"warning":false},"doc_write_time":1582874294,"working_dir":null}